"crl.tot","dollar","bang","money","n000","make","yesno"
10,0,0,0,0,0,"n"
904,0.013,0,0,0,0,"n"
30,0,0,0,0,0,"n"
267,0,0.02,0,0,0.38,"n"
122,0,0,0,0,0,"n"
134,0,0.054,0,0,0,"n"
517,0,0,0,0,0,"n"
114,0.124,0.124,0,0,0,"y"
5,0,0,0,0,0,"n"
425,0.016,0,0.12,0.12,0.24,"n"
16,0,0.544,0,0,0,"y"
373,0,0.487,0,0,0,"y"
535,0.034,0,0,0,0.12,"n"
461,0,0,0,0,0,"n"
56,0,0.286,0,0,0,"n"
188,0,0,0,0,0,"n"
186,0,1.36,0,0,0,"y"
24,0,0,0,0,0,"n"
21,0,0,0,0,0,"n"
325,0.896,0.482,0.44,0.44,0,"y"
86,0,0,0,0,0,"n"
2205,0.338,0.831,0.4,0,0.2,"y"
183,0.067,0.067,0,0,0.22,"y"
979,0.261,0.358,0.34,0.08,0,"y"
9,0,0,0,0,0,"n"
1621,0.141,0.343,0.76,0.29,0.4,"y"
34,0,0,0,0,0,"n"
10,0.724,0,0,0,0,"n"
1180,0.059,1.008,0,0,0.38,"y"
73,0,0.09,0,0,0,"n"
23,0,0,0,0,0,"n"
118,0,0.061,0,0,0.75,"n"
143,0.157,0,0.32,0,0,"y"
147,0,0.138,0,0,0.48,"n"
116,0,0.174,0,0.33,0,"n"
92,0,0,0,0,0,"n"
81,0,0.27,0,0,0,"y"
261,0,0.786,0,0,0,"y"
121,0,0.291,0,0,0.32,"n"
1342,0.106,0.287,0.19,0.52,0.06,"y"
11,0,0,0,0,0,"n"
6,0,0,0,0,0,"n"
359,0.029,0.234,0.53,0,0.71,"y"
322,0,0,0,0,0,"n"
640,0.674,0.179,0,0,0,"y"
28,0,0,0,0,0,"n"
7,0,0,0,0,0,"n"
1351,0.158,0.49,0.1,0.6,0.1,"y"
1412,0.118,0.408,0.08,0.85,0.08,"y"
7,0,1.315,0,0,0,"n"
67,0,0.217,0,0,0,"n"
179,0,0,0,0,0,"n"
2340,0.509,0.478,0.58,0.51,0.51,"y"
144,0,0,0,0,0.27,"y"
21,0,0,0,0,0,"n"
472,0,0.018,0,0,0,"n"
204,0,0,0,0,0,"n"
385,0,0.479,0,0,0,"y"
192,0,0,0,0,0,"n"
117,0.151,0,0.87,0,0,"y"
13,0,0,0,0,0,"n"
24,0,0.327,0,0,0,"n"
114,0,0.109,0,0,0,"n"
186,0,0,0,0,0.71,"y"
446,0.267,0,0.5,0,0,"y"
68,0,0.24,0,0,0,"n"
522,0,0.14,0,0,0.29,"n"
2,0,0,12.5,0,0,"y"
78,0,0,1.88,0,0,"y"
39,0,0,0,0,0,"n"
8,0,0,0,0,0,"n"
215,0.088,0,0,0,0,"y"
768,1.308,5.828,0.09,0,0.09,"y"
64,0,0,0,0,0,"n"
45,6.003,0,0,1.12,0,"y"
5395,0.09,0.002,0,0,0.01,"n"
19,0,0,0,0,0,"y"
640,0.673,0.179,0,0,0,"y"
521,0.099,0.007,0.14,0.38,0.14,"y"
27,0,0.473,0,0,0,"n"
1315,0,0.027,0,0,0.08,"n"
240,0.186,0.28,0.53,0.53,2.12,"y"
226,0,0,0,0,0,"n"
31,0.211,0,0,0,0,"n"
35,0,0,0,0,0,"n"
150,0,0.05,0,0,0,"y"
68,0,0.301,0,0,0,"n"
194,0.037,0,0,0,0,"n"
14,0,0.564,0,0,0,"n"
65,0,0.258,0,0,1.63,"y"
18,0,0,0,0,0,"n"
4,0,3.225,0,0,0,"n"
496,0,0,0,0,0,"n"
3220,0.065,0.013,0.17,0.1,0.1,"y"
4,0,0,0,0,0,"n"
290,0,0.056,0,0,0,"n"
145,0,0,0,0,0,"n"
357,0,0,0,0,0,"n"
158,0,0.057,0.16,0,0,"n"
61,0,0,0,0,0,"n"
193,0,0.056,0,0,0,"n"
736,0.467,1.203,0,0,0,"y"
60,0,0,0,0,0,"n"
7,0,0,0,0,0,"n"
54,0,0.218,0,0,0,"y"
190,0.135,0.067,0,0.78,0.58,"y"
70,0,0,0,0,0,"n"
8,0,0,0,0,0,"n"
1001,0.023,0.865,0,0,0,"y"
85,0,0.969,0,1.02,0,"y"
138,0,0,0,0,0,"n"
53,0,0,0,0,2,"n"
25,0,0.186,0,0,0,"n"
11,0,0,0,0,0,"n"
19,0,0,0,0,0,"n"
278,0,0.778,0,0,0,"y"
417,0.057,0.085,0,0.35,0,"y"
9,0,0,0,0,0,"n"
28,0,0.448,0,0,0,"n"
36,0,0,0,0,0,"n"
43,0,0.168,0,0,0,"n"
881,0.028,0,0,0,0.07,"n"
41,0,0,0,0,0,"n"
1080,0.014,0,0,0,0.05,"n"
27,0,0.234,0,0,0,"n"
601,0,0,0,0,0,"n"
107,0,0,0,0,0,"n"
3,0,0,0,0,0,"n"
10,0,0,0,0,0,"n"
155,0,0.029,0,0,0,"n"
68,0,0,0,0,0.84,"n"
7,0,0,0,0,0,"n"
16,0,0,0,0,0,"n"
31,0,0.243,0,0,0,"n"
113,0,0,0,0,0,"n"
521,0.161,0.01,0.05,0.74,0.17,"y"
249,0.121,0.729,0.72,0,0,"y"
116,0,0,0,0,0,"n"
524,0.045,1.147,0,0.28,0.28,"y"
122,1.023,1.023,0,0,0,"y"
264,0.061,0.367,0,0.36,0,"y"
21,0,0,0,0,0,"n"
6,0,0,0,0,0,"n"
898,0.215,1.003,0.29,0.73,0.14,"y"
11,0,0,0,0,0,"y"
1,0,0,0,0,0,"n"
43,0,0.149,0,0,0,"n"
566,0.015,0.03,0.09,0.36,0.18,"y"
9,0,0,0,0,0,"n"
124,0,0,0,0,0,"n"
290,0,0,0,0,0,"n"
60,0.632,0.21,0,0,0,"y"
196,0.143,0.191,0.6,0,0,"y"
46,0,0,0,0,0,"n"
22,0,0,0,0,0,"n"
55,0,0.457,0,0,0,"y"
237,0.061,0.122,0,0.5,0,"n"
17,0,0,0,0,0,"y"
203,0.033,0.033,0,0,0.44,"n"
14,0,0,0,0,0,"n"
3043,0.79,0.331,0.34,1.1,0.47,"y"
3029,0.784,0.344,0.34,1.11,0.47,"y"
197,0,0,0,0.49,0,"y"
1096,0.022,0.022,0.26,0.13,0,"y"
54,0.138,0.138,0,0,0,"y"
107,0.175,0.351,0,0,0,"y"
143,0.06,0.241,0,0,0,"y"
87,0,0.093,0,0,0,"n"
108,0,0,0,0,0.14,"n"
991,0,0.583,0,0,0,"y"
485,0.103,0.866,1.04,0.2,0.41,"n"
272,0,0,0,0,0,"n"
15,0,0,0,0,0,"n"
15,0,0.595,0,0,0,"n"
112,0,0,0,0,0,"n"
15,0,0,0,0,0,"n"
1000,0.196,1.246,0,0.37,0.37,"y"
34,0,0.594,0,0,0,"n"
19,0,0,0,0,0.9,"n"
274,0,0.102,0.63,0,0,"y"
666,0.151,1.289,0,0,0.23,"y"
2,0,4.347,0,0,0,"y"
11,0,0,0,0,0,"n"
31,0,1.111,0,0,0,"y"
9,0,0,0,0,0,"n"
929,0.25,0.444,0.26,0.08,0,"y"
125,0.347,1.62,0,0.8,0.8,"y"
748,0.249,1.663,0,0,0.46,"y"
430,0.133,1.103,0.45,0,0,"y"
5902,0.022,0.022,0,0,0,"n"
277,0,0.034,0,0,0,"y"
9,0,0,0,0,0,"n"
20,0,0,0,0,0,"n"
31,0,0,0,0,0,"n"
75,0,0,0,0,0,"n"
1107,0.186,0.13,0.34,0.17,0.34,"y"
38,0,0.396,0,0,0,"n"
50,0,0,0,0,0,"n"
458,0.163,0.02,0.05,0.75,0.17,"y"
130,0,0,0,0,0,"n"
29,0,0,0,0,0,"n"
26,0,0,0,0,0,"y"
534,0,0,0,0,0,"n"
139,0,0,0,0,0,"n"
359,0,0,0,0,0,"y"
2954,0.005,0.008,0,0.01,0.07,"n"
25,0,0,0,0,0,"n"
66,0,0,0,0,0,"n"
78,0,0,0,0,0,"n"
33,0,0,0,0,0,"n"
195,0.347,1.13,0,0,0,"y"
622,0.191,1.147,0,0,0,"y"
380,0.027,0,0,0,0,"n"
144,0,0,0,0,0.36,"n"
16,0,0,0,0,0,"n"
4,0,0,0,0,0,"n"
80,0,0.463,0,0,0,"n"
20,0,0,0,0,0,"n"
81,0,0,0,0,0,"n"
73,0.322,0.107,0.62,0,0.62,"y"
120,0,0.044,0,0,0.6,"n"
64,0,0.511,0,0,1.61,"y"
16,0,0,0,0,0,"n"
559,0,0,0,0.11,0,"n"
680,0,0,0,0,0,"n"
291,0,1.065,0,0,0,"y"
134,0,1.235,0,0,0,"y"
5,0,0,0,0,0,"n"
42,0,0,0,0,0,"n"
67,0,0.061,0,0,0.43,"y"
261,0,0.125,0,1.36,0,"y"
1044,0.39,0.991,0.3,0,0.1,"y"
249,0.433,0.433,0,0.76,0,"y"
40,0,1.949,0,0,0,"y"
396,0,1.385,0.28,0,0,"y"
91,0,0.283,0,0,0.83,"n"
575,0,0,0,0.2,0,"n"
504,0,0.016,0,0,0,"y"
217,0,0.511,0,0,0,"y"
2026,0,0,0,0,0.08,"n"
319,0,0,0,0,0.51,"n"
91,0.251,0.251,0,0,0,"y"
3327,0.15,0.273,0.57,1.14,0.54,"y"
198,0,0,0,0,0,"n"
153,0,0.354,0,0,0.25,"y"
108,0,0,0,0,0,"y"
3,0,0,0,0,0,"n"
7,0,0,9.75,0,0,"n"
159,0,0,0,0,0,"n"
454,0.162,0.01,0.05,0.75,0.17,"y"
205,0.08,0.728,0,0,0,"y"
756,1.309,5.831,0.09,0,0.09,"y"
51,0,0,0,0,0,"n"
614,0,0.071,0,0,0,"n"
26,0,0.62,0,0,0,"n"
53,0,0,0,0,0,"n"
275,0,0.16,0.67,0,0,"y"
895,0.216,0.278,0,1.06,0,"y"
140,0,0,0,0,0,"n"
15,0,0,0,0,0,"n"
11,0,0,0,0,0,"n"
192,0.066,0.133,0.4,0,0,"y"
115,0,0,0,0,0,"n"
51,0,0,0,0,0,"n"
24,0,3.448,0,0,0,"y"
46,0,0,0,0,0,"n"
801,0.067,0.698,0.3,0,0.15,"y"
277,0.142,0.427,0,0,0,"y"
52,0,0,0,0,0,"n"
5,0,0,0,0,0,"n"
982,0.024,0.271,0,0,0,"y"
3525,0.145,0.538,0.34,0.39,0.13,"y"
76,0,0,0,0,0,"n"
5,0,0,0,0,0,"n"
39,0,0.814,0,1.12,0,"y"
264,0.184,0.036,0.24,0.48,0,"y"
375,0,0,0,0,0,"n"
123,0,0,0,0,0,"n"
140,0,0,0,0,0,"n"
244,0.055,0.055,0,0,0,"n"
344,0.093,1.023,0,0,0.27,"y"
12,0,0,0,0,0,"n"
29,0,0.68,0,0,0,"n"
2413,1.281,0.335,0.5,0.5,0.5,"y"
11,0,0,0,0,0,"n"
168,0,0,0,0,0,"n"
57,0,0,0,0,0,"n"
259,0,0,0,0,0,"n"
190,0,0,0,0,0,"n"
5,0,0,0,0,0,"n"
119,0,0,0,0,0,"n"
108,0,0,0,0,0,"n"
86,0,0,0,0,0,"y"
2424,0.496,0.381,0.46,0.5,0.39,"y"
13,0,0,0,0,0,"y"
543,0.037,1.046,0,0,0,"y"
2333,0.523,0.454,0.54,0.51,0.51,"y"
228,0.035,0.315,0,0,0.49,"y"
240,0.116,0.116,0,0.64,0.32,"y"
375,0,0,0,0,0,"n"
132,0,2.362,0,0,0.67,"y"
26,0,0,0,0,0,"n"
186,0.025,0.615,0.3,0,0.15,"y"
64,0,0,0,0,0,"n"
791,0.021,0,0,0,0.07,"n"
38,0,0,0,0,0,"n"
807,0.022,0,0,0,0.08,"n"
51,0,0,0,0,0,"n"
1827,0,0.128,0,0,0.03,"n"
293,0.289,0.072,0,0,0,"y"
175,0,0,0,0,0,"n"
108,0.472,0.472,0.42,0,1.26,"y"
54,0.21,0,1.31,0,0,"y"
57,0,0.08,0,0,0,"y"
1,0,0.684,0,0,0,"n"
9,0,0,0,0,0,"n"
204,0,0,0,0,0,"n"
12,0,1.149,0,0,0,"n"
179,0,0.835,0.43,0,0.43,"y"
237,0,0,0,0,0,"n"
13,0,0,0,0,0,"n"
72,0,0.271,0,0,0,"n"
364,0.076,0.076,0,0.33,0,"n"
535,0.032,0.257,0.09,0.36,0.09,"y"
79,0.058,0,0,0,0,"n"
249,0,0.129,0,0,0.39,"n"
37,0,0.125,0,0,0.88,"n"
60,0,0,0,0,0,"n"
685,0.053,0.035,0,0,0,"n"
1995,0,0.033,0,0,0.08,"n"
9,0,0,0,0,0,"n"
533,0.128,0.472,0,0.27,0,"y"
12,0,0,0,0,0,"n"
110,0,0,0,0,0,"n"
10,0,0,0,0,0,"n"
81,0,0,0,0,0,"n"
138,0,0,0,0,0.32,"n"
440,0,0.072,0,0,0,"y"
64,0,0,0,0,0,"n"
2501,0.515,0.345,0.52,0.32,0.42,"y"
11,0,0,0,0,0,"n"
54,0,0.455,0,0,0,"y"
63,0,0,0,0,0,"n"
31,0,0.457,0,0,0,"n"
408,0,0,0,0,0.3,"n"
7,0,0,0,0,0,"n"
673,0.024,0,0,0,0.08,"n"
798,0.224,0.775,1.11,0.11,0.22,"y"
7,0,0,0,0,0,"n"
49,0,0,0,0,0,"n"
5,0,0,0,0,0,"n"
149,0,0,0,0,0,"n"
9088,0,0.03,0.04,0,0,"y"
40,0,0,0,0,0,"n"
392,0.402,0.402,0.23,0.71,0.47,"y"
66,0,1.529,0,0,0,"y"
15,0,0,0,0,0,"n"
57,0,0,0,0,0.64,"n"
1387,0.01,0,0,0,0.07,"n"
576,0.043,0,0.07,0.15,0,"n"
279,0.173,0.13,0,0.31,0,"y"
25,0,0,0,0,0,"n"
80,0,0.285,0,0,0,"n"
555,0,0.158,0,0,0,"y"
79,0.207,0.207,0,0,0,"y"
19,0,1.284,0,0,0,"y"
21,0,0,1.47,0,0,"y"
64,0,0.355,0,0,0,"n"
843,0.026,0.044,0.42,0.06,0.18,"n"
92,0,0,0,0,0,"y"
28,0,0,0,0,0,"n"
281,1.212,0.071,0,0.51,0,"y"
56,0,0,0,0,0,"n"
239,0.107,0.295,0.18,0,0,"y"
9,0,0,0,0,0,"n"
3,0,0,0,0,0,"n"
2,0,0,0,0,0,"n"
21,0,0,0,0,0,"n"
2,0,0,0,0,0,"n"
148,0,0,0,0,0,"n"
264,0.023,0,0.07,0,0.07,"y"
31,0,0,0,0,1.16,"n"
46,0,0.091,0,0,0,"n"
109,0,0,0,0,0.43,"n"
280,0.141,0.425,0,0,0,"y"
72,0,0,0,0,0,"n"
201,0,0,0,0,0,"n"
96,0.238,0.238,0.68,0.68,0,"y"
13,0,1.647,0,0,0,"y"
5,0,0,0,0,0,"n"
77,0,0,0,0,0,"n"
50,0,0,0,0,0,"n"
3,0,0,0,0,0,"n"
361,0,1.434,0.29,0,0,"y"
1263,0.051,0.044,0,0.08,0,"n"
178,0,0,0,0,0,"n"
1592,0.236,0.388,1.14,1.82,0.68,"y"
1123,0.056,0.709,0.43,0.08,0.43,"y"
177,0,0.32,0,0,0.37,"n"
83,0,0.08,0,0,0,"y"
229,0,0.935,0,0,0,"y"
54,0,0,0,0,0,"n"
7,0,0,0,0,0,"n"
144,0.163,0,0.31,0,0,"y"
94,0,0.125,0,0,0,"y"
82,0.196,0.392,0,0,0,"y"
33,0,0.2,0,0,0.67,"y"
10,0,0,0,0,0,"n"
187,0,0,0,0,0,"n"
165,0.297,0.669,0,0.44,0,"y"
1351,0.157,0.488,0.1,0.6,0.1,"y"
2541,0.133,0.334,0.99,1.39,0.59,"y"
62,0,0,0,0,0,"n"
213,0,0,0,0,0.35,"n"
15,0,0,1.69,0,0,"n"
210,0.097,0,0,0.6,0,"y"
147,0,0.068,0,0,0,"n"
24,0.763,0,0,0,0,"n"
60,0,0,0,0,0,"n"
353,0.794,0.855,0.4,4.01,0.4,"y"
1295,0.103,0.309,0.21,0.35,0.07,"y"
827,0.019,0,0,0,0.06,"n"
160,0.121,0.609,0.38,1.16,0,"y"
67,0,0,0,0,0,"n"
1478,0.135,0.432,0.18,0.55,0,"y"
254,0.041,0.041,0,0,0.12,"y"
1787,0,0,0,0,0.04,"n"
118,0,0,0,0,0.3,"n"
106,0,0.039,0,0,0,"n"
76,0,0.154,0,0,0,"n"
17,0,0,0,0,0,"n"
80,0,0.986,0,0,0,"y"
180,0,0.096,0,0,0.31,"n"
5,0,0,0,0,0,"n"
30,0,0,0,0,0,"n"
10,0,0,0,0,0,"n"
194,0,0,0,0,0,"n"
70,0,0.455,0,0,0,"y"
3214,0.065,0.006,0.17,0.1,0.1,"y"
76,0,0,0,0,0,"n"
411,0,0.026,0,0,0,"n"
356,0,0.979,0,0,0,"y"
6,0,0,0,0,0,"n"
75,0,3.427,0,0,0,"y"
2051,0,0.037,0,0,0,"n"
141,0,0,0,0,0,"n"
40,0,0,0,0,0,"n"
115,0,0,0,0,0,"n"
37,0,0,0,0,0,"n"
83,0,0,0,0,0,"n"
138,0,0.875,0,0,0,"y"
131,0.478,0.095,0,1.59,0,"y"
60,0.094,0.284,0,0,0,"n"
15,0,1.234,0,0,0,"n"
92,0,0.416,0,0,0,"y"
125,0,0,0,0,0,"n"
5,0,0,0,0,0,"n"
25,0,0,0,0,0,"n"
5,0,0,0,0,0,"n"
50,0,0.139,0,0,0,"n"
385,0.134,0.574,0.22,0.11,0.45,"y"
141,0.1,0,0,1.96,0,"y"
16,0,0,0,0,0,"n"
10,0,3.076,9.09,0,4.54,"y"
422,0,0.022,0,0,0,"n"
11,0,0.248,0,0,0,"n"
77,0.431,0.215,0,2.53,0,"y"
5,0,0,0,0,0,"n"
377,0,0,0,0,0,"n"
164,0,0,0,0,0,"n"
88,0,0,0,0,0,"n"
654,0,0.02,0,0,0,"n"
37,0.63,0,0,0,0,"n"
53,0.212,0,1.31,0,0,"y"
82,0.424,0.424,0,1.12,0,"y"
87,0,0,0,0,0.49,"n"
321,0.049,0.247,0,0,0,"n"
24,0,0,0,0,0,"n"
19,0,0,0,0,0,"y"
5,0,0,0,0,0,"n"
36,0,0,0,0,0,"n"
1345,0.017,0,0,0,0.06,"n"
49,0,0.313,0,0,0,"n"
1426,0.16,0.336,0.2,0.4,0.1,"y"
418,0.017,0,0,0.25,0,"n"
99,0,0,0,0,0,"y"
28,0,0,0,0,0,"n"
242,0,0.072,0,0,0.29,"n"
23,0,0.33,0,0,0,"n"
13,0,0,0,0,0,"n"
1229,0.072,0.241,0,0.14,0,"y"
177,0.888,0.414,0,1.47,0,"y"
736,0.467,1.203,0,0,0,"y"
68,0,0.426,0,0,0,"y"
368,0.128,0.153,0.44,0,0.14,"y"
622,0,0.069,0,0,0,"n"
24,0,0.139,0,0,0,"n"
27,0,0,0,0,0,"n"
137,0,0,0,0,0,"n"
262,0,0.23,1.05,0,0.7,"y"
5,0,32.478,0,0,0,"n"
386,0,0.496,0,0,0,"y"
6,0,0,0,0,0,"n"
246,0,0.074,0,0,0,"n"
98,0,0,0,0,0,"n"
412,0,0.048,0,0,0,"n"
283,0,0,0,0,0,"n"
105,0,0.574,0,0,0,"y"
79,0.383,0.191,0,1.08,0,"y"
1613,0.139,0.334,0.76,0.29,0.4,"y"
189,0.259,1.208,0,1.59,0.53,"y"
7,0,0,0,0,0,"n"
78,0.182,0,0,0,0,"y"
26,0,0.149,0,0,0,"n"
2213,0.519,0.445,0.61,0.37,0.5,"y"
164,0.069,0.83,1.32,0,0,"y"
34,0,1.798,0,0,0,"n"
650,0.127,1.3,0.47,0.15,0.31,"y"
99,0.102,0.306,0,0,0,"n"
378,0,0,0,0,0,"n"
47,0,0,0,0,0,"n"
381,0.066,0.016,0,0.74,0,"y"
63,0,0,0,0,0,"n"
106,0.078,0,0,0,0.54,"n"
766,0.073,0.25,0,0.19,0.06,"y"
122,0.463,0.834,0,0.65,0.65,"y"
1070,0.241,0.439,0.76,0.44,0.76,"y"
31,0,0,0,0,0,"n"
274,0,0.14,0.58,0,0,"y"
434,0.061,0.185,0,0,0,"y"
112,0.105,0,0,0,0,"y"
329,0.598,2.395,1.07,1.07,0,"y"
78,0,0.339,0,0,0,"n"
278,0.242,0.282,0,0,0,"n"
228,0.519,1.143,0,0,0,"y"
753,0.162,0.339,1.5,0.17,0.26,"y"
5,0,0,0,0,0,"n"
72,0.233,0.467,0,0,0.74,"y"
350,0,0.897,0,0,0,"y"
421,0.046,0.89,0.31,0,0.31,"y"
513,0.129,1.453,0.6,0.2,0.4,"y"
23,0,0.193,0,0,0,"n"
1991,0.493,0.507,0.53,0.45,0.32,"y"
203,0,0.484,0,0,0,"y"
2,0,5,0,0,0,"y"
6,0,0,0,0,0,"n"
28,0.125,0,0,0,0,"n"
19,0,0,0,0,0,"n"
100,0,0,0,0,0,"n"
1758,0.007,0,0,0,0.02,"n"
129,0,0,0,0,0,"n"
93,0,0,0,0,0,"n"
5,0,0,0,0,0,"n"
43,0,2.112,0,0,0,"y"
898,0.215,1.004,0.29,0.73,0.14,"y"
137,0.358,0.43,0,2.2,0.44,"y"
249,0.412,0.412,0,0.76,0,"y"
574,0.014,0.099,0.08,0.34,0.17,"y"
57,0,0,0,0,0,"n"
15841,0,0,0,0,0.19,"y"
9,0,0,0,0,0,"n"
47,0,0.44,0,0,0,"n"
29,0,0.211,0,0,0,"n"
22,0,0,0,0,0,"n"
55,0.208,0,1.29,0,0,"y"
77,0.124,0,0,0,0.43,"n"
363,0.075,1.285,0,0,0,"y"
556,0,0.198,0,0,0,"y"
1516,0.199,0.548,0.72,0.62,0.31,"y"
389,0.094,0.322,0,0.11,0,"y"
125,0.111,0.055,0.62,0,0.31,"y"
621,0.056,1.151,0.33,0,0.16,"y"
60,0,0,0,0,0,"n"
52,0,1.011,0,0,0,"y"
185,0.211,0,0.3,0,0,"y"
715,0.024,0,0,0,0.17,"n"
116,0.74,0.211,0,2.85,0.57,"y"
6,0,0,0,0,0,"n"
143,0,0.706,0,0,0,"y"
3,0,0.862,0,0,0,"n"
59,0,0,0,0,0,"n"
966,0.254,0.353,0.35,0.08,0,"y"
2015,0,0.126,0,0,0.02,"n"
330,0,0.271,0,0,0,"n"
31,0,0,0,0,0,"n"
79,0,0.196,0.77,0,0,"n"
21,0,0,1.6,0,0,"n"
267,0.505,1.199,0,0,0,"y"
312,0,0.477,0,0,0,"y"
617,0.193,0.129,0.22,0.22,0,"y"
46,0,0,0,0,0,"n"
385,0,0.479,0,0,0,"y"
49,0,0.102,0,0,0.63,"n"
30,0,0,0,0,0.78,"n"
139,0.158,0,0.32,0,0,"y"
119,0,0,0,0,0,"n"
30,0,0,0,0,0,"n"
17,0,0,0,0,0,"n"
17,0,0.773,0,0,0,"n"
81,0,0.353,0,0,0,"y"
45,0,0.281,0,0,0,"n"
147,0,0.436,0,0,0,"n"
9,0,0,0,0,0,"n"
6,0,0,0,0,0,"n"
666,0.132,0.265,0.45,0.45,0.11,"y"
18,0,0,0,0,0,"y"
6,0,0,0,0,0,"n"
26,0,0,0,0,0,"n"
20,0,0,0,0,0,"n"
45,0,0,0,0,0,"n"
164,0,0.301,0,0,0,"n"
70,0,0,0,0,0,"n"
944,0.024,0.567,0,0,0,"y"
186,0,0,0,0,0,"y"
112,0,0,0,0,0,"n"
278,0,0.777,0,0,0,"y"
61,0.634,0.422,0,0,0,"y"
7,0,0,0,0,0,"n"
5,0,0,0,0,0,"n"
43,0,0,0,0,0,"n"
155,0,0,0,0,0,"n"
363,0.027,0,0,0.18,0,"y"
194,0,0.031,0.17,0,0.17,"n"
47,0,0.285,0,0,0,"n"
189,0,0,0,0,0,"n"
363,0.214,0,0,0,0,"n"
137,0.161,0,0,0,0,"n"
69,0,0.1,0,0,0,"n"
167,0,0,0,0,0,"n"
17,0,0,0,0,0,"n"
122,0,0.115,0,0,0,"n"
45,0,0.203,0,0,0,"y"
188,0.105,0.263,0,0,0,"y"
646,0,0.038,0,0,0.17,"n"
1407,0.114,0.394,0.08,0.85,0.08,"y"
13,0,0,0,0,0,"n"
12,0,0,0,0,0,"n"
186,0,0,0,0,0,"n"
7,0,0,0,0,0,"n"
40,0,0,0,0,0,"n"
740,0.979,5.213,0.19,0,0.09,"y"
2688,0.009,0,0,0,0.03,"n"
61,0,0.633,0,0,0.55,"n"
302,0.123,0,0,0,0,"y"
19,0,0,0,0,0,"n"
113,0,0,0,0,0.41,"n"
390,0,0,0,0,0,"n"
85,0,0,1.42,0,0,"y"
1415,0.145,0.393,0.09,0.59,0.09,"y"
22,0,0,0,0,0,"n"
566,0.014,0.029,0.09,0.36,0.18,"y"
51,0,0.093,0,0,0,"n"
124,0,0,0,0,0,"n"
26,0,0,0,0,0,"n"
31,0,0,0,0,0,"n"
4128,0.523,0.325,0.46,0.94,0.5,"y"
52,0,0.297,0,0,0,"y"
597,0.059,0,0,0.1,0,"n"
386,0,0,0,0,0,"n"
339,0.031,0,0,0,0,"n"
1458,0.155,0.31,0.19,0.39,0.09,"y"
40,0,0.091,0,0,0,"n"
395,0.045,0.022,0,0,0,"n"
23,0,0,0,0,0,"n"
128,0,0,0,0,0.26,"n"
25,0,0,0,0,1.14,"n"
285,0,0.448,0,0,0,"n"
152,0.145,0.944,0.44,0,0.44,"y"
30,0,0,0,0,0,"y"
10,0,0,0,0,0,"n"
115,0,0,0,0,0.26,"n"
5,0,0,0,0,0,"n"
146,0,0,0,0,0,"n"
224,0,0.126,0,0,0.68,"y"
400,0.127,0.204,0.44,0,0.14,"y"
12,0,0,0,0,0,"n"
318,0.107,1.178,0,0,0.32,"y"
53,0,0.218,0,2.24,0,"y"
1589,0.388,0.406,0.31,0.52,0.15,"y"
54,0,0,0,0,0,"n"
38,0,0,0,0.97,0.97,"n"
13,0,0,0,0,0,"n"
15,0,0,0,0,0,"n"
7,0,0,0,0,0,"n"
375,0,0.502,0,0,0,"y"
30,0,1.048,0,0,0,"y"
145,0,0,0,0.34,0.17,"y"
1506,0,0,0,0,0,"n"
133,0,0,0,0,0,"n"
7,0,0,0,0,0,"n"
192,0,0.052,0,0,0,"n"
659,0.023,0,0,0.22,0.07,"n"
1192,0.006,0.027,0,0.04,0.04,"n"
116,0,0,0,0,0,"n"
178,0.103,0.517,0,0,0,"y"
304,0.541,0.12,0.33,1.66,1,"y"
31,0,0,0,0,0,"n"
1163,0.266,0.319,0.29,0.58,0.36,"y"
163,0,0.134,0,0,0,"n"
632,0.31,0.749,1.38,0,1.18,"y"
189,0,0.26,0,0,0,"y"
13,0,0,0,0,0,"n"
157,0,0.216,0,0,0,"n"
162,0,0,0,0,0,"n"
103,0,0.135,0,0,0,"n"
237,0.112,0.31,0.18,0,0,"y"
43,0,0,0,0,0,"n"
65,0,0,0,0,0,"n"
50,0,0.113,0,0,0,"y"
328,0,0.215,0.34,0,0,"y"
53,0,0,0,0,0,"n"
956,0.027,0.167,0,0,0,"y"
12,0,1.075,0,0,0,"n"
59,0,0,0,0,0,"n"
65,0.062,0.31,0,0,0,"y"
1277,0.109,0.369,0.17,0.08,0.08,"y"
208,0.196,0.056,0,0,0,"y"
12,0,0,0,0,0,"n"
1339,0.224,0.25,0.16,0.91,0.16,"y"
712,0.255,0.751,1.14,0.49,0.98,"y"
68,0,0.116,0,0,0,"n"
11,0,0,0,0,0,"y"
68,0,0.118,0,0,0,"y"
113,0,0,0,0,0.29,"y"
339,0.064,0.016,0,0.73,0.1,"y"
55,0,0,0,0,0,"n"
16,0,0,0,0,0,"y"
178,0,0.347,0,0,0,"n"
110,0.087,0,0,0,0,"n"
18,0,0.774,0,0,0,"y"
1351,0.158,0.49,0.1,0.6,0.1,"y"
35,0,0,0,0,0,"y"
52,0,0.087,0,0,0,"n"
109,0,0,0,0,0,"n"
18,0,0,0,0,0,"n"
632,0.316,0.765,1.38,0,1.18,"y"
963,0.083,0.665,0,0,0,"y"
114,0.549,0.48,0.41,0,1.24,"y"
583,0.118,0.054,0.2,0.15,0.05,"y"
353,0,0.026,0,0,0.53,"n"
22,0,0.17,0,0,1,"n"
89,0,0.11,0,0,0,"y"
80,0.903,0,0,0,0,"n"
97,0,0,0,0,0,"n"
477,0.189,0.586,0,0.39,0.19,"y"
50,0,0,0,0,0,"n"
119,0,0,0,0,0,"n"
261,0.121,0.121,0.4,0.6,0,"y"
97,0,0,0,0,0,"n"
12,0,0,0,0,0,"n"
294,0,0.288,0,0,0,"n"
97,0,0.124,0.39,0,0,"y"
418,0.044,0,0,0,0,"y"
4,0,0,0,0,0,"n"
73,0.389,0,0,1.08,0,"y"
48,0,0,0,0,0,"n"
22,0,0.263,0,0,0,"n"
55,0.147,0.049,0,0,0,"n"
599,0.057,1.158,0.35,0,0.17,"y"
1351,0.157,0.488,0.1,0.6,0.1,"y"
137,0,0.099,0,0,0,"n"
1484,1.269,0.031,0,0,0,"y"
1356,0.016,0.028,0,0,0.07,"n"
475,0.061,0.371,0.12,0,0,"y"
12,0,0,0,0,0,"n"
13,0,0,0,0,0,"y"
26,0,0.48,0,0,0,"n"
1144,0.147,0.294,0,0,0,"y"
101,0,0,0,0,0,"n"
1410,0.114,0.394,0.08,0.85,0.08,"y"
303,0.14,0.032,0.23,0.23,0,"y"
266,0,0.073,0,0,0,"n"
9,0,0,0,0,0,"n"
5,0,0,0,0,0,"n"
771,0,0.591,0,0,0.09,"y"
203,0,0,0,0,0,"n"
364,0.016,0.033,0,0,0.12,"n"
42,0,0,0,0,0,"n"
383,0.071,0.142,0,0.18,0,"n"
140,0,0,0,0,0,"n"
50,0.087,0.174,0,0.48,1.44,"y"
12,0,0,0,0,0,"n"
352,0.364,0.273,0.55,0.55,0,"y"
30,0,0,0,0,0,"y"
78,0,0,0,0,0.96,"n"
3,0,0,0,0,0,"n"
108,0,0,0,0,0,"n"
106,0,0.367,0,0,0,"n"
7,0,0,0,0,0,"n"
58,0,0,0,0,0,"n"
180,0.253,1.183,0,1.61,0.53,"y"
50,0,0.238,0,0,0,"n"
214,0,0.937,0,0,0,"y"
124,0.361,1.566,0,0.8,0.8,"y"
530,0.031,0.237,0.09,0.36,0.09,"y"
41,0,0.475,0,0,0,"n"
11,0,0.666,0,0,0,"n"
87,0,0.486,0,0,0,"n"
14,0,0,0,0,0,"n"
6,0,0,0,0,0,"n"
232,0.112,0,0,0,0,"n"
386,0.042,1.289,0.84,0.28,0.56,"y"
17,0,0,0,0,0,"n"
57,0,0,0,0,0,"n"
54,0,0,0,0,0,"n"
228,0.83,0.276,0,1.3,0,"y"
68,0,0.077,0.45,0,0,"n"
88,0,0.116,0,0,0,"n"
4,0,0,0,0,0,"n"
128,0,0,0,0,0,"n"
537,0.259,0.259,0.34,0.34,0.34,"y"
32,0,0,0,0,0,"y"
1329,0.013,0,0,0,0.05,"n"
2458,0.041,0.015,0,0,0,"n"
1617,0.008,0,0,0,0.05,"n"
314,0,0.178,0,0,0,"n"
49,0,0.192,0,0,0,"y"
101,0,0,0,0,0,"n"
58,0,0.153,0,0,0,"n"
72,0.38,0.19,0,1.07,0,"y"
65,0.062,0.312,0,0,0,"y"
94,0,0,0,0,0,"n"
897,0.055,0.064,0.06,0.25,0.06,"n"
1407,0.117,0.403,0.08,0.85,0.08,"y"
129,0,0.091,0.65,0,0,"y"
542,0.022,0.057,0,0,0.08,"n"
14,0,0,0,0,0,"n"
1456,0.103,0.348,0.17,0.08,0.08,"y"
183,0,0.164,0,0,0.13,"n"
632,0.308,0.745,1.38,0,1.18,"y"
112,0,0,0,0,0.52,"n"
53,0,0.334,0,0,0,"y"
25,0,0.349,0,0,0,"n"
244,0,0,0,0,0.17,"n"
38,0.21,0.421,3.61,0,0,"y"
40,0,0,0,0,0,"n"
210,0,0,0,0,0,"n"
137,0.2,1.706,0,1.36,1.36,"y"
7,0,0,0,0,0,"n"
47,0,0.058,0,0,0.32,"n"
274,0,0,0,0,0,"n"
40,0,0.473,0.46,0,0,"n"
88,0,0,0,0,0,"y"
58,0,0.081,0,0,0,"n"
571,0.057,0,0,0.21,0.1,"n"
505,0.8,0.64,0,2.04,0,"y"
10,0,0,0,0,0,"n"
41,0.176,0.176,0,2.1,0,"y"
87,0,0,0,0,0,"n"
3,0,0,0,0,0,"n"
14,0,0.546,0,0,0,"n"
389,0.094,0.056,0,0,0,"y"
53,0,0,0,0,2,"n"
35,0,0,0,0,0,"n"
129,0,0,0,0,0,"n"
160,0.17,0.17,0,0,0,"y"
464,0,0,0,0,0,"n"
142,0,0.666,0,0.48,0,"n"
109,0.403,0.672,0,0,0,"y"
17,0,0,0,0,0,"n"
8,0,0,0,0,0,"n"
5,0,0,0,0,0,"n"
3,0,0,0,0,0,"n"
981,0.261,0.358,0.34,0.08,0,"y"
217,0,0.511,0,0,0,"y"
9,0,0,0,0,0,"n"
11,0,0,0,0,0,"n"
1386,0.014,0,0,0,0.05,"n"
45,0,0,0,0,0,"n"
107,0,0.268,0,0,0,"y"
41,0,0,0,0,0,"n"
5,0,0,0,0,0,"n"
966,0.305,0.75,0.69,0.06,0.48,"y"
333,0,0,0,0,0,"n"
1351,0.158,0.49,0.1,0.6,0.1,"y"
89,0,0,0,0,0,"n"
45,0,0,0,0,0,"n"
63,0,0.168,0,0,0,"n"
54,0,0,0,0,0.36,"n"
18,0.651,0,0,0,0,"n"
15,0,7.333,0,0,0,"y"
212,0.321,1.045,0,0,0,"y"
338,0.059,0.119,0,0.48,0,"n"
236,0,0,0,0,0,"n"
181,0,0,0,0,0,"n"
617,0.131,0.149,0.8,0.05,0.35,"y"
89,0,0.075,0,0,0,"n"
98,0.381,0.305,0,0.96,0,"n"
243,0.01,0,0,0,0.29,"n"
44,0,0,0,0,0,"n"
1789,0,0.055,0,0,0.27,"n"
63,0,0.094,0,0,0,"n"
795,0.167,0.167,0.07,0,0.07,"y"
123,0,0.159,0,0,0,"y"
1287,0.175,0.334,0.2,1.14,0.1,"y"
1428,0.156,0.297,0.2,0.4,0.1,"y"
608,0,0.123,0,0,0.15,"y"
129,0.318,0.715,0,0.54,0.54,"y"
114,0,0,0,0,0.38,"n"
56,0,0.309,0,0,0,"y"
208,0,0.087,0.3,0,0.15,"y"
78,0,0.294,0,0,0,"n"
32,0,0.111,0,0,0,"y"
151,0,0,0,0,0,"n"
139,0,0.74,0,0,0,"y"
13,0,0,0,0,0,"n"
168,0.049,0,0,0.29,0,"y"
116,0,0.062,0,0,0.36,"n"
162,0,0,0,0,0,"y"
9,0,0,0,0,0,"n"
353,0,0.801,0,0,0,"y"
5,0,0,0,0,0,"n"
209,0,0,0,0,0,"n"
352,0,0.606,0,0,0,"y"
30,0,0,0,0,0,"n"
111,0.077,0.544,0,0,0.49,"y"
82,0.408,0.408,0,1.12,0,"y"
328,0,0.14,0,0,0,"y"
12,0,0,0,0,0,"n"
8,0,0,0,0,0,"n"
36,0,1.169,0,0,0,"y"
